Workbook
Name data: Source!$C$5:$F$40
Name header: Source!$C$5:$F$5

Sheet Index&Match
C4: C_Code | D4: FirstName | E4: LastName | F4: Birthdate | G4: Gender | H4: M_Status | I4: Department | J4: Region | K4: Basic Salary
C5: 150940 | D5: Rajeesh | E5: C | F5: 26906 | G5: Male | H5: Single | I5: Inside Sales | J5: South | K5: 87000
C6: 150905 | D6: Yogesh | E6: Mansharamani | F6: 30819 | G6: Female | H6: Single | I6: FLM | J6: South | K6: 62000
C7: 150784 | D7: Sachin | E7: Bangera | F7: 28365 | G7: Female | H7: Single | I7: Digital Marketing | J7: North | K7: 35000 | M7: Figure out who has the Max and Min Salary
C8: 150821 | D8: Yashraj | E8: Vaidya | F8: 29966 | G8: Male | H8: Single | I8: CCD | J8: North | K8: 26000
C9: 150881 | D9: Dinesh | E9: Dhanuka | F9: 30337 | G9: Male | H9: Single | I9: Digital Marketing | J9: East | K9: 92000 | M9: Name of Employees, who have | O9: First Name
C10: 150851 | D10: Sudesh | E10: Pillai | F10: 29368 | G10: Male | H10: Single | I10: Inside Sales | J10: East | K10: 75000 | M10: Max Salary | O10: =VLOOKUP(MAX($K$5:$K$42),CHOOSE({1,2},$K$5:$K$42,$D$5:$D$42),2,FALSE) -> Dinesh
C11: 150867 | D11: Boneca | E11: Rego | F11: 29028 | G11: Female | H11: Single | I11: Finance | J11: East | K11: 49000 | M11: Min Salary | O11: =VLOOKUP(MIN($K$5:$K$42),CHOOSE({1,2},$K$5:$K$42,$D$5:$D$42),2,FALSE) -> Satish
C12: 150962 | D12: Shankar | E12: Shetty | F12: 37773 | G12: Female | H12: Married | I12: Director | J12: South | K12: 87000
C13: 150947 | D13: Raju | E13: Manek | F13: 33449 | G13: Female | H13: Married | I13: CCD | J13: South | K13: 85000
C14: 150930 | D14: Piyush | E14: Kamdar | F14: 37027 | G14: Male | H14: Married | I14: Digital Marketing | J14: South | K14: 82000
C15: 150912 | D15: Nitin | E15: Patki | F15: 37629 | G15: Female | H15: Married | I15: Operations | J15: South | K15: 81000
C16: 150894 | D16: D | E16: Kulkarni | F16: 37124 | G16: Male | H16: Married | I16: Inside Sales | J16: South | K16: 67000
C17: 150968 | D17: Praful | E17: Savla | F17: 37208 | G17: Male | H17: Married | I17: Operations | J17: South | K17: 65000
C18: 150929 | D18: Bobby | E18: Tanna | F18: 26739 | G18: Male | H18: Married | I18: Marketing | J18: South | K18: 58000
C19: 150954 | D19: Kawdoor | E19: Shetty | F19: 35495 | G19: Female | H19: Married | I19: Sales | J19: South | K19: 57000
C20: 150901 | D20: Ashok | E20: Samtaney | F20: 32946 | G20: Female | H20: Married | I20: Sales | J20: South | K20: 53000
C21: 150899 | D21: Sharadchandra | E21: Riswadkar | F21: 37400 | G21: Male | H21: Married | I21: CCD | J21: South | K21: 50000
C22: 150937 | D22: Dhiren | E22: Haria | F22: 24700 | G22: Male | H22: Married | I22: Learning & Development | J22: South | K22: 37000
C23: 150921 | D23: Prem | E23: Pherwani | F23: 38092 | G23: Male | H23: Married | I23: Finance | J23: South | K23: 19000
... C42: 150840 | D42: Piyush | E42: Shah | F42: 23136 | G42: Female | H42: Married | I42: Inside Sales | J42: East | K42: 20000

Sheet Master Emp sheet
D2: Get Region, Department and Salary of all Employees from Sheet "Source"
D3: If C-Code is not present, display "Retired"
D4: *Use Name Range and Vlookup with Match Function
C6: C_Code | D6: FirstName | E6: LastName | F6: Birthdate | G6: Gender | H6: M_Status | I6: Region | J6: Department | K6: Basic Salary | M6: C_Code | N6: FirstName | O6: LastName | P6: Birthdate | Q6: Gender | R6: M_Status | S6: Region | T6: Department | U6: Basic Salary
C7: 150834 | D7: Ram | E7: Ambradkar | F7: 31199 | G7: Female | H7: Married | I7: =VLOOKUP($C7,data,MATCH(I$6,header,0),FALSE) -> North | J7: =VLOOKUP($C7,data,MATCH(J$6,header,0),FALSE) -> FLM | K7: =VLOOKUP($C7,data,MATCH(K$6,header,0),FALSE) -> 48000 | M7: 150834 | N7: Ram | O7: Ambradkar | P7: 31199 | Q7: Female | R7: Married | S7: =_xlfn.XLOOKUP(M7,Source!C6:C40,Source!E6:E40,"-Retired") -> North | T7: =_xlfn.XLOOKUP(M7,Source!C6:C40,Source!D6:D40,"Retired") -> FLM | U7: =_xlfn.XLOOKUP(M7,Source!C6:C40,Source!F6:F40,"Retired") -> 48000
C8: 150784 | D8: Sachin | E8: Bangera | F8: 28365 | G8: Female | H8: Single | I8: =VLOOKUP($C8,data,MATCH(I$6,header,0),FALSE) -> North | J8: =VLOOKUP($C8,data,MATCH(J$6,header,0),FALSE) -> Digital Marketing | K8: =VLOOKUP($C8,data,MATCH(K$6,header,0),FALSE) -> 35000 | M8: 150784 | N8: Sachin | O8: Bangera | P8: 28365 | Q8: Female | R8: Single | S8: =_xlfn.XLOOKUP(M8,Source!C7:C41,Source!E7:E41,"-Retired") -> North | T8: =_xlfn.XLOOKUP(M8,Source!C7:C41,Source!D7:D41,"Retired") -> Digital Marketing | U8: =_xlfn.XLOOKUP(M8,Source!C7:C41,Source!F7:F41,"Retired") -> 35000
C9: 150791 | D9: Rajesh | E9: Bohra | F9: 23346 | G9: Female | H9: Married | I9: =VLOOKUP($C9,data,MATCH(I$6,header,0),FALSE) -> North | J9: =VLOOKUP($C9,data,MATCH(J$6,header,0),FALSE) -> Digital Marketing | K9: =VLOOKUP($C9,data,MATCH(K$6,header,0),FALSE) -> 67000 | M9: 150791 | N9: Rajesh | O9: Bohra | P9: 23346 | Q9: Female | R9: Married | S9: =_xlfn.XLOOKUP(M9,Source!C8:C42,Source!E8:E42,"-Retired") -> North | T9: =_xlfn.XLOOKUP(M9,Source!C8:C42,Source!D8:D42,"Retired") -> Digital Marketing | U9: =_xlfn.XLOOKUP(M9,Source!C8:C42,Source!F8:F42,"Retired") -> 67000
C10: 150940 | D10: Rajeesh | E10: C | F10: 26906 | G10: Male | H10: Single | I10: =VLOOKUP($C10,data,MATCH(I$6,header,0),FALSE) -> South | J10: =VLOOKUP($C10,data,MATCH(J$6,header,0),FALSE) -> Inside Sales | K10: =VLOOKUP($C10,data,MATCH(K$6,header,0),FALSE) -> 87000 | M10: 150940 | N10: Rajeesh | O10: C | P10: 26906 | Q10: Male | R10: Single | S10: =_xlfn.XLOOKUP(M10,Source!C9:C43,Source!E9:E43,"-Retired") -> South | T10: =_xlfn.XLOOKUP(M10,Source!C9:C43,Source!D9:D43,"Retired") -> Inside Sales | U10: =_xlfn.XLOOKUP(M10,Source!C9:C43,Source!F9:F43,"Retired") -> 87000
C11: 150777 | D11: Melwyn | E11: Crasto | F11: 21123 | G11: Male | H11: Married | I11: =VLOOKUP($C11,data,MATCH(I$6,header,0),FALSE) -> North | J11: =VLOOKUP($C11,data,MATCH(J$6,header,0),FALSE) -> Marketing | K11: =VLOOKUP($C11,data,MATCH(K$6,header,0),FALSE) -> 22000 | M11: 150777 | N11: Melwyn | O11: Crasto | P11: 21123 | Q11: Male | R11: Married | S11: =_xlfn.XLOOKUP(M11,Source!C10:C44,Source!E10:E44,"-Retired") -> -Retired | T11: =_xlfn.XLOOKUP(M11,Source!C10:C44,Source!D10:D44,"Retired") -> Retired | U11: =_xlfn.XLOOKUP(M11,Source!C10:C44,Source!F10:F44,"Retired") -> Retired
C12: 150805 | D12: Rajesh | E12: Dedhia | F12: 26172 | G12: Male | H12: Married | I12: =VLOOKUP($C12,data,MATCH(I$6,header,0),FALSE) -> North | J12: =VLOOKUP($C12,data,MATCH(J$6,header,0),FALSE) -> Director | K12: =VLOOKUP($C12,data,MATCH(K$6,header,0),FALSE) -> 91000 | M12: 150805 | N12: Rajesh | O12: Dedhia | P12: 26172 | Q12: Male | R12: Married | S12: =_xlfn.XLOOKUP(M12,Source!C11:C45,Source!E11:E45,"-Retired") -> North | T12: =_xlfn.XLOOKUP(M12,Source!C11:C45,Source!D11:D45,"Retired") -> Director | U12: =_xlfn.XLOOKUP(M12,Source!C11:C45,Source!F11:F45,"Retired") -> 91000
C13: 150990 | D13: Dattatray | E13: Desai | F13: 36400 | G13: Male | H13: Married | I13: =VLOOKUP($C13,data,MATCH(I$6,header,0),FALSE) -> Mid West | J13: =VLOOKUP($C13,data,MATCH(J$6,header,0),FALSE) -> Learning & Development | K13: =VLOOKUP($C13,data,MATCH(K$6,header,0),FALSE) -> 77000 | M13: 150990 | N13: Dattatray | O13: Desai | P13: 36400 | Q13: Male | R13: Married | S13: =_xlfn.XLOOKUP(M13,Source!C12:C46,Source!E12:E46,"-Retired") -> Mid West | T13: =_xlfn.XLOOKUP(M13,Source!C12:C46,Source!D12:D46,"Retired") -> Learning & Development | U13: =_xlfn.XLOOKUP(M13,Source!C12:C46,Source!F12:F46,"Retired") -> 77000
C14: 150989 | D14: Vishnu | E14: Desai | F14: 33113 | G14: Male | H14: Married | I14: =VLOOKUP($C14,data,MATCH(I$6,header,0),FALSE) -> Mid West | J14: =VLOOKUP($C14,data,MATCH(J$6,header,0),FALSE) -> Digital Marketing | K14: =VLOOKUP($C14,data,MATCH(K$6,header,0),FALSE) -> 45000 | M14: 150989 | N14: Vishnu | O14: Desai | P14: 33113 | Q14: Male | R14: Married | S14: =_xlfn.XLOOKUP(M14,Source!C13:C47,Source!E13:E47,"-Retired") -> Mid West | T14: =_xlfn.XLOOKUP(M14,Source!C13:C47,Source!D13:D47,"Retired") -> Digital Marketing | U14: =_xlfn.XLOOKUP(M14,Source!C13:C47,Source!F13:F47,"Retired") -> 45000
C15: 150881 | D15: Dinesh | E15: Dhanuka | F15: 30337 | G15: Male | H15: Single | I15: =VLOOKUP($C15,data,MATCH(I$6,header,0),FALSE) -> East | J15: =VLOOKUP($C15,data,MATCH(J$6,header,0),FALSE) -> Digital Marketing | K15: =VLOOKUP($C15,data,MATCH(K$6,header,0),FALSE) -> 92000 | M15: 150881 | N15: Dinesh | O15: Dhanuka | P15: 30337 | Q15: Male | R15: Single | S15: =_xlfn.XLOOKUP(M15,Source!C14:C48,Source!E14:E48,"-Retired") -> East | T15: =_xlfn.XLOOKUP(M15,Source!C14:C48,Source!D14:D48,"Retired") -> Digital Marketing | U15: =_xlfn.XLOOKUP(M15,Source!C14:C48,Source!F14:F48,"Retired") -> 92000
C16: 150814 | D16: Heena | E16: Dongre | F16: 26246 | G16: Male | H16: Married | I16: =VLOOKUP($C16,data,MATCH(I$6,header,0),FALSE) -> North | J16: =VLOOKUP($C16,data,MATCH(J$6,header,0),FALSE) -> Inside Sales | K16: =VLOOKUP($C16,data,MATCH(K$6,header,0),FALSE) -> 50000 | M16: 150814 | N16: Heena | O16: Dongre | P16: 26246 | Q16: Male | R16: Married | S16: =_xlfn.XLOOKUP(M16,Source!C15:C49,Source!E15:E49,"-Retired") -> -Retired | T16: =_xlfn.XLOOKUP(M16,Source!C15:C49,Source!D15:D49,"Retired") -> Retired | U16: =_xlfn.XLOOKUP(M16,Source!C15:C49,Source!F15:F49,"Retired") -> Retired
C17: 150937 | D17: Dhiren | E17: Haria | F17: 24700 | G17: Male | H17: Married | I17: =VLOOKUP($C17,data,MATCH(I$6,header,0),FALSE) -> South | J17: =VLOOKUP($C17,data,MATCH(J$6,header,0),FALSE) -> Learning & Development | K17: =VLOOKUP($C17,data,MATCH(K$6,header,0),FALSE) -> 37000 | M17: 150937 | N17: Dhiren | O17: Haria | P17: 24700 | Q17: Male | R17: Married | S17: =_xlfn.XLOOKUP(M17,Source!C16:C50,Source!E16:E50,"-Retired") -> South | T17: =_xlfn.XLOOKUP(M17,Source!C16:C50,Source!D16:D50,"Retired") -> Learning & Development | U17: =_xlfn.XLOOKUP(M17,Source!C16:C50,Source!F16:F50,"Retired") -> 37000
C18: 150888 | D18: Gururaj | E18: Joshi | F18: 29221 | G18: Male | H18: Married | I18: =VLOOKUP($C18,data,MATCH(I$6,header,0),FALSE) -> East | J18: =VLOOKUP($C18,data,MATCH(J$6,header,0),FALSE) -> Learning & Development | K18: =VLOOKUP($C18,data,MATCH(K$6,header,0),FALSE) -> 43000 | M18: 150888 | N18: Gururaj | O18: Joshi | P18: 29221 | Q18: Male | R18: Married | S18: =_xlfn.XLOOKUP(M18,Source!C17:C51,Source!E17:E51,"-Retired") -> East | T18: =_xlfn.XLOOKUP(M18,Source!C17:C51,Source!D17:D51,"Retired") -> Learning & Development | U18: =_xlfn.XLOOKUP(M18,Source!C17:C51,Source!F17:F51,"Retired") -> 43000
... C44: 150821 | D44: Yashraj | E44: Vaidya | F44: 29966 | G44: Male | H44: Single | I44: =VLOOKUP($C44,data,MATCH(I$6,header,0),FALSE) -> North | J44: =VLOOKUP($C44,data,MATCH(J$6,header,0),FALSE) -> CCD | K44: =VLOOKUP($C44,data,MATCH(K$6,header,0),FALSE) -> 26000 | M44: 150821 | N44: Yashraj | O44: Vaidya | P44: 29966 | Q44: Male | R44: Single | S44: =_xlfn.XLOOKUP(M44,Source!C43:C77,Source!E43:E77,"-Retired") -> -Retired | T44: =_xlfn.XLOOKUP(M44,Source!C43:C77,Source!D43:D77,"Retired") -> Retired | U44: =_xlfn.XLOOKUP(M44,Source!C43:C77,Source!F43:F77,"Retired") -> Retired

Sheet Source
C5: C_Code | D5: Department | E5: Region | F5: Basic Salary
C6: 150773 | D6: Finance | E6: North | F6: 85000
C7: 150777 | D7: Marketing | E7: North | F7: 22000
C8: 150784 | D8: Digital Marketing | E8: North | F8: 35000
C9: 150791 | D9: Digital Marketing | E9: North | F9: 67000
C10: 150798 | D10: Digital Marketing | E10: North | F10: 81000
C11: 150805 | D11: Director | E11: North | F11: 91000
C12: 150814 | D12: Inside Sales | E12: North | F12: 50000
C13: 150821 | D13: CCD | E13: North | F13: 26000
C14: 150830 | D14: Sales | E14: North | F14: 52000
C15: 150834 | D15: FLM | E15: North | F15: 48000
C16: 150840 | D16: Inside Sales | E16: East | F16: 20000
C17: 150850 | D17: CCD | E17: East | F17: 47000
... C40: 150995 | D40: Inside Sales | E40: Mid West | F40: 15000
